{
  "n_scenarios": 10,
  "mean_delta": -0.004488086853509443,
  "median_delta": -0.023472950855230795,
  "std_delta": 0.06007213538056237,
  "wilcoxon_p": 0.921875,
  "cohens_dz": -0.07471162503342041,
  "matched_correlation": 0.9547139682508405,
  "bootstrap_95ci": [
    -0.03822699654665356,
    0.03221127350649124
  ],
  "physics_mean_rmse_x2": 0.2519868883547771,
  "ude_mean_rmse_x2": 0.24749880150126763,
  "physics_mean_r2_x2": 0.7964851234437362,
  "ude_mean_r2_x2": 0.7642904450028253
}